Topic,Count,Name,Representation,Representative_Docs
-1,2898,-1_—Å–ø–∞—Å–∏–±–æ_–≥–æ—Ç–æ–≤–æ_–ø–æ_–∫–∞—Ä–∞–º–µ–ª—å–Ω–æ–π,"['—Å–ø–∞—Å–∏–±–æ', '–≥–æ—Ç–æ–≤–æ', '–ø–æ', '–∫–∞—Ä–∞–º–µ–ª—å–Ω–æ–π', '–∫–∞—Ä–∞–º–µ–ª—å–Ω—É—é', '–º–∏–ª–∞–Ω', '–ø—Ä–æ—Ç–∏–≤–æ–ø–æ–∫–∞–∑–∞–Ω–∏—è', '–ø—Ä–æ—Ü–µ–¥—É—Ä', '–∫–∞—Ä–∞–º–µ–ª—å–Ω–∞—è', '–±–ª–∞–≥–æ–¥–∞—Ä—é']","['–ü–æ—Å—Ç–∞–≤–∏–ª(-–∞) ""–ù—Ä–∞–≤–∏—Ç—Å—è"" –≤–∞—à–µ–º—É —Å–æ–æ–±—â–µ–Ω–∏—é', '–î–æ–±—Ä–æ–µ —É—Ç—Ä–æ! –°–∫–∞–∂–∏—Ç–µ –ø–æ–∂–∞–ª—É–π—Å—Ç–∞, –∫ –í–∞–º –∑–∞–ø–∏—Å–∞—Ç—å—Å—è –º–æ–∂–Ω–æ –Ω–∞ –∞–Ω—Ç–∏—Ü–µ–ª–ª—é–ª–∏—Ç–Ω—ã–π –º–∞—Å—Å–∞–∂? 10 –ø—Ä–æ—Ü–µ–¥—É—Ä)', '–û–∫, –æ—Ç–ª–∏—á–Ω–æ! –°–ø–∞—Å–∏–±–æ, –¥–æ –≤—Å—Ç—Ä–µ—á–∏üå∫']"
0,21835,0_–ø–æ_—Ç–∞–∫_–≤–æ–æ–±—â–µ_—á—Ç–æ,"['–ø–æ', '—Ç–∞–∫', '–≤–æ–æ–±—â–µ', '—á—Ç–æ', '–ø—Ä–æ—Ü–µ–¥—É—Ä–∞', '–ø—Ä–æ—Å—Ç–æ', '–∂–µ', '–∫—É—Ä—Å', '–∑–∞', '–º—ã']","['–ó–¥—Ä–∞–≤—Å—Ç–≤—É–π—Ç–µ, –≤—á–µ—Ä–∞ –ø–æ—Å–º–æ—Ç—Ä–µ–ª–∞ —Å—Ç–æ—Ä–∏—Å –≤–∞—à–∏ —Ä–∞–∑–Ω–∏—Ü–∞ –∞–Ω—Ç–∏—Ü–µ–ª–ª—é–ª–∏—Ç–Ω—ã–π –∏–ª–∏ –∫–∞—Ä–∞–º–µ–ª—å–Ω–∞—è, –∏ –ø–æ –æ–ø–∏—Å–∞–Ω–∏—é –º–Ω–µ —Å—Ç–∞–ª–æ –ø–æ–Ω—è—Ç–Ω–æ, —á—Ç–æ —Å–Ω–∞—á–∞–ª–∞ –º–Ω–µ –Ω–∞–¥–æ —Å–¥–µ–ª–∞—Ç—å –∞–Ω—Ç–∏—Ü–µ–ª–ª—é–ª–∏—Ç–Ω—ã–π –º–∞—Å—Å–∞–∂ –∏ –ø–æ—Ç–æ–º –∫–∞—Ä–∞–º–µ–ª—å–Ω—É—é –ø–∞—Ä–æ—á–∫—É —Ä–∞–∑.\n\n–í —ç—Ç–æ —Ä–∞—Å–ø–∏—Å–∞–Ω–∏–µ –º–æ—ë —è –º–æ–≥—É –∑–∞–º–µ–Ω–∏—Ç—å –Ω–∞ –∞–Ω—Ç–∏—Ü–µ–ª–ª—é–ª–∏—Ç–Ω—ã–π? –ò –¥–æ–±–∞–≤–∏—Ç—å –µ—â–µ 5 –ø—Ä–æ—Ü–µ–¥—É—Ä\n–ß—Ç–æ–±—ã –ø—Ä–æ–π—Ç–∏ –∫—É—Ä—Å –ø–æ–ª–Ω–æ—Å—Ç—å—é', '–í—Å—ë –ø–æ–Ω—è–ª–∞ —Å–ø–∞—Å–∏–±–æüíï. –î–æ–±—Ä—ã–π –¥–µ–Ω—å, —Ö–æ—Ç–µ–ª–∞ —É –≤–∞—Å —Å–ø—Ä–æ—Å–∏—Ç—å. –Ø –∑–∞–ø–∏—Å–∞–Ω–∞ –Ω–∞ 26 —á–∏—Å–ª–æ —É –≤–∞—Å –Ω–∞ –∫–∞—Ä–∞–º–µ–ª—å–∫—É –Ω–∞ –≤—Å—ë —Ç–µ–ª–æ, –Ω–æ –¥–µ–ª–æ –≤ —Ç–æ–º —á—Ç–æ –ö–î –µ—â—ë –Ω–µ –∑–∞–∫–æ–Ω—á–∏–ª–∏—Å—å –∏ 26 –∫–∞–∫ —Ä–∞–∑ –±—É–¥–µ—Ç 5 –¥–µ–Ω—å, –≤—ã –º–µ–Ω—è –ø—Ä–∏–º–µ—Ç–∏ –∏–ª–∏ –∫–æ–≥–¥–∞ –ö–î –Ω–µ–ª—å–∑—è –¥–µ–ª–∞—Ç—å? üåπ –Ω–∞ —ç—Ç–∏ –¥–Ω–∏ —É –º–µ–Ω—è —É–∂–µ –Ω–µ—á–µ–≥–æ –Ω–µ –±–æ–ª–∏—Ç –æ–±—ã—á–Ω–æ.', '–ó–¥—Ä–∞–≤—Å—Ç–≤—É–π—Ç–µ, –∞ –º–æ–∂–Ω–æ —É–∑–Ω–∞—Ç—å) \n–ú–æ–∂–Ω–æ –ø–æ–∫–∞ —á—Ç–æ –ø–∞—Ä—É —Ä–∞–∑ —Å–¥–µ–ª–∞—Ç—å –∞–Ω—Ç–∏—Ü–µ–ª–ª—é–ª–∏—Ç–Ω—ã–π –º–∞—Å—Å–∞–∂, –±—É–¥–µ—Ç —ç—Ñ—Ñ–µ–∫—Ç? \n–ü—Ä–æ—Å—Ç–æ –∫—É—Ä—Å 10 –ø—Ä–æ—Ü–µ–¥—É—Ä, –∞ —è –Ω–µ –∑–Ω–∞—é –±—É–¥—É –≤ –≥–æ—Ä–æ–¥–µ —Å –∏—é–ª—è –∏–ª–∏ –Ω–µ—Ç']"
1,1347,1_918_961_988_58,"['918', '961', '988', '58', '962', '9804', '909', '59', '928', '52']","['–ó–¥—Ä–∞–≤—Å—Ç–≤—É–π—Ç–µ, –¥–∞, –∑–∞–ø–∏—à–∏—Ç–µ –ø–æ–∂–∞–ª—É–π—Å—Ç–∞ üôèüèª\n–ê–Ω–∞—Å—Ç–∞—Å–∏—è \n8-928-009-05-58', '–í–∏–∫—Ç–æ—Ä–∏—è, 8-988-677-35-72', '–í–∏–∫—Ç–æ—Ä–∏—è, 8/988-677-35-72']"
2,691,2_–º–∞—Å—Å–∞–∂–∏_–º–∞—Å—Å–∞–∂_–º–∞—Å—Å–∞–∂–µ–π_–º–∞—Å—Å–∞–∂–∞,"['–º–∞—Å—Å–∞–∂–∏', '–º–∞—Å—Å–∞–∂', '–º–∞—Å—Å–∞–∂–µ–π', '–º–∞—Å—Å–∞–∂–∞', '–º–∞—Å—Å–∞–∂—É', '–º–∞—Å—Å–∞–∂–µ–º', '–¥–ª–∏—Ç—Å—è', '–ª–µ—á–µ–±–Ω—ã–π', '–º–µ–¥–æ–≤—ã–π', '—Ä–∞—Å—Å–ª–∞–±–ª—è—é—â–∏–π']","['–î–æ–±—Ä—ã–π –≤–µ—á–µ—Ä \n–ü–æ–¥—Å–∫–∞–∂–∏—Ç–µ –∫–æ–≥–¥–∞ —É –≤–∞—Å –µ—Å—Ç—å –º–µ—Å—Ç–∞ –Ω–∞ –º–∞—Å—Å–∞–∂ —Å–ø–∏–Ω—ã –∏ –ª–∏—Ü–∞?', '–î–æ–±—Ä—ã–π –≤–µ—á–µ—Ä. –ü–æ–¥—Å–∫–∞–∂–∏—Ç–µ –ø–æ–∂–∞–ª—É–π—Å—Ç–∞, —Å–∫–æ–ª—å–∫–æ –ø–æ –≤—Ä–µ–º–µ–Ω–∏ –¥–ª–∏—Ç—Å—è –æ–±—â–∏–π –º–∞—Å—Å–∞–∂?', '–ó–¥—Ä–∞–≤—Å—Ç–≤—É–π—Ç–µ, –ø–æ–¥—Å–∫–∞–∂–∏—Ç–µ –ø–æ–∂–∞–ª—É–π—Å—Ç–∞ —Å–∫–æ–ª—å–∫–æ –ø–æ –≤—Ä–µ–º–µ–Ω–∏ –¥–ª–∏—Ç—Å—è –∫–ª–∞—Å—Å–∏—á–µ—Å–∫–∏–π –º–∞—Å—Å–∞–∂ –≤—Å–µ–≥–æ —Ç–µ–ª–∞?)']"
3,634,3_–¥–∞_–¥–∞–∞_–¥–µ–π—Å—Ç–≤–∏—Ç–µ–ª—å–Ω–æ_–º–æ–µ–º—É,"['–¥–∞', '–¥–∞–∞', '–¥–µ–π—Å—Ç–≤–∏—Ç–µ–ª—å–Ω–æ', '–º–æ–µ–º—É', '–Ω–∞—à–µ–º—É', '–ª–∞–¥–Ω–æ', '–Ω–µ—Ç', '–≤–ø–æ–ª–Ω–µ', '–¥–æ–±—Ä—ã–π', '–≤–µ—Ä–Ω–æ']","['–î–∞', '–î–∞', '–î–∞']"
4,546,4_–∑–∞–≤–µ–¥–µ–Ω–∏–µ_–∞–¥—Ä–µ—Å—É_–≤–æ–∫–∑–∞–ª—å–Ω–æ–π_—Å–∏—Ç–∏,"['–∑–∞–≤–µ–¥–µ–Ω–∏–µ', '–∞–¥—Ä–µ—Å—É', '–≤–æ–∫–∑–∞–ª—å–Ω–æ–π', '—Å–∏—Ç–∏', '–º–µ—Å—Ç', '–≤–æ–∫–∑–∞–ª–∞', '–≥–¥–µ', '—Ü–µ–Ω—Ç—Ä–µ', '—Ü–µ–Ω—Ç—Ä', '–ø–æ–º–µ—â–µ–Ω–∏–∏']","['–î–æ–±—Ä—ã–π –¥–µ–Ω—å. –ü–æ–¥—Å–∫–∞–∂–∏—Ç–µ –ø–æ–∂–∞–ª—É–π—Å—Ç–∞ –≥–¥–µ –≤—ã –Ω–∞—Ö–æ–¥–∏—Ç–µ—Å—å –≤ –ú–∏—Ö–∞–π–ª–æ–≤—Å–∫–µ?', '–î–æ–±—Ä—ã–π –¥–µ–Ω—å, –ê–¥–º–∏—Ä–∞–ª —ç—Ç–æ —Ä–∞–π–æ–Ω, –ø–æ –¥—Ä—É–≥–æ–º—É –µ–≥–æ –µ—â—ë –Ω–∞–∑—ã–≤–∞—é—Ç –í–∏–ª–ª–∞ –ù–æ–≤–∞ \n\n–ú–∏—Ö–∞–π–ª–æ–≤—Å–∫ –≤–æ–æ–±—â–µ –≥–æ—Ä–æ–¥ –Ω–µ–±–æ–ª—å—à–æ–π, –æ—Ç –∞–≤—Ç–æ—Å—Ç–∞–Ω—Ü–∏–∏ –µ—Ö–∞—Ç—å –Ω–∞ –º–∞—Ä—à—Ä—É—Ç–∫–µ –º–∏–Ω—É—Ç 15, –Ω–∞ –º–∞—à–∏–Ω–µ –±—ã—Å—Ç—Ä–µ–µ \n\n–°–∫–∞–∂—É –í–∞–º —á–µ—Å—Ç–Ω–æ, –∫ –Ω–∞–º –ø—Ä–∏–µ–∑–∂–∞–µ—Ç –≤—Å—è –®–ø–∞–∫–æ–≤–∫–∞, –∏–∑ –±–ª–∏–∂–∞–π—à–∏—Ö —Å–µ–ª –∏ –¥–∞–∂–µ —Å–æ –°—Ç–∞–≤—Ä–æ–ø–æ–ª—è, –ø–æ—ç—Ç–æ–º—É –Ω–µ —Å–∫–∞–∑–∞–ª–∞ –±—ã, —á—Ç–æ —Å –º–µ—Å—Ç–æ–º  –∫–∞–∫–∏–µ —Ç–æ –ø—Ä–æ–±–ª–µ–º—ã üòÖ —Å–≤–æ–∏ –∫–ª–∏–µ–Ω—Ç—ã –≤—Å–µ–≥–¥–∞ —Ç–µ–±—è –Ω–∞–π–¥—É—Ç', '–ü–ª–æ—â–∞–¥—å 18 –∫–≤.–º–µ—Ç—Ä–æ–≤. –ù–∞—Ö–æ–¥–∏—Ç—Å—è –Ω–∞ 2–º —ç—Ç–∞–∂–µ —Ç–æ—Ä–≥–æ–≤–æ-–¥–µ–ª–æ–≤–æ–≥–æ —Ü–µ–Ω—Ç—Ä–∞. –ï—Å—Ç—å –ª–∏—Ñ—Ç. –û—Ö—Ä–∞–Ω—è–µ—Ç—Å—è –∫—Ä—É–≥–ª–æ—Å—É—Ç–æ—á–Ω–æ, –ø–∞—Ä–∫–æ–≤–∫–∞ –≤–æ–∫—Ä—É–≥ –≤—Å–µ–≥–æ –∑–¥–∞–Ω–∏—è, —Ö–æ—Ä–æ—à–∞—è —Ç—Ä–∞–Ω—Å–ø–æ—Ä—Ç–Ω–∞—è —Ä–∞–∑–≤—è–∑–∫–∞, –≤–æ–∫—Ä—É–≥ —Å—Ç–æ–ª–æ–≤—ã–µ, –∫–∞—Ñ–µ –∏ –º–∞–≥–∞–∑–∏–Ω—ã. –£—Å—Ç–∞–Ω–æ–≤–ª–µ–Ω–∞ —Ä–æ–ª–µ—Ç–∞, –µ—Å—Ç—å –º–æ–±–∏–ª—å–Ω—ã–π –∫–æ–Ω–¥–∏—Ü–∏–æ–Ω–µ—Ä. –¶–µ–Ω–∞ 7 —Ç—ã—Å—è—á –ø–ª—é—Å –∫–æ–º–º—É–Ω–∞–ª—å–Ω—ã–µ —É—Å–ª—É–≥–∏.']"
5,507,5_–æ–ø–ª–∞—Ç–∏—Ç—å_–Ω–∞–ª–∏—á–Ω—ã–º–∏_–ø–ª–∞—Ç–∏—Ç—å_–æ–ø–ª–∞—á–∏–≤–∞–µ—Ç—Å—è,"['–æ–ø–ª–∞—Ç–∏—Ç—å', '–Ω–∞–ª–∏—á–Ω—ã–º–∏', '–ø–ª–∞—Ç–∏—Ç—å', '–æ–ø–ª–∞—á–∏–≤–∞–µ—Ç—Å—è', '–æ–ø–ª–∞—Ç–∞', '–æ–ø–ª–∞—Ç—É', '–æ–ø–ª–∞—Ç–µ', '–æ–ø–ª–∞—á–∏–≤–∞—Ç—å', '–≤—ã–ø–ª–∞—á–∏–≤–∞—Ç—å', '—Å—Ç–æ–∏—Ç—å']","['–î–æ–±—Ä—ã–π –≤–µ—á–µ—Ä! –ü–æ–¥—Å–∫–∞–∂–∏—Ç–µ –ø–æ–∂–∞–ª—É–π—Å—Ç–∞, –≤–æ–∑–º–æ–∂–Ω–∞ –ª–∏ –æ–ø–ª–∞—Ç–∞ –∫–∞—Ä—Ç–æ–π?', '–•–æ—Ä–æ—à–æ, –ø–æ–Ω—è–ª–∞) –∞ –µ—â—ë —Å–∫–∞–∂–∏—Ç–µ –ø–æ–∂–∞–ª—É–π—Å—Ç–∞, —É –≤–∞—Å –æ–ø–ª–∞—Ç–∞ –ø—Ä–æ–∏–∑–≤–æ–¥–∏—Ç—Å—è –∫–∞—Ä—Ç–æ–π –ø–æ —Ç–µ—Ä–º–∏–Ω–∞–ª—É? (–ò–Ω—Ç–µ—Ä–µ—Å—É–µ—Ç –æ–ø–ª–∞—Ç–∞ –∫–∞—Ä—Ç–æ–π —Ä–∞—Å—Å—Ä–æ—á–∫–∏)', '–í–µ—Ä–Ω–æ. –°–ø–∞—Å–∏–±–æ, –¥–æ –≤—Å—Ç—Ä–µ—á–∏!) –ó–¥—Ä–∞–≤—Å—Ç–≤—É–π—Ç–µ, –ø–æ–¥—Å–∫–∞–∂–∏—Ç–µ —É –≤–∞—Å –µ—Å—Ç—å –æ–ø–ª–∞—Ç–∞ –∫–∞—Ä—Ç–æ–π?']"
6,400,6_—Å–ø–∞—Å–∏–±–æ_–ø–æ–∑–¥—Ä–∞–≤–ª–µ–Ω–∏—è_–ø–æ–∑–¥—Ä–∞–≤–∏—Ç—å_–ø—Ä–æ—à—É,"['—Å–ø–∞—Å–∏–±–æ', '–ø–æ–∑–¥—Ä–∞–≤–ª–µ–Ω–∏—è', '–ø–æ–∑–¥—Ä–∞–≤–∏—Ç—å', '–ø—Ä–æ—à—É', '–ø–æ–∑–¥—Ä–∞–≤–ª—è—é', '–±–ª–∞–≥–æ–¥–∞—Ä—é', '–±–ª–∞–≥–æ–¥–∞—Ä–Ω–∞', '–ø—Ä–∏–≤–µ—Ç–∏–∫–∏', '–æ—á–µ–Ω—å', '–≤–∞–º']","['–°–ø–∞—Å–∏–±–æ –±–æ–ª—å—à–æ–µ, –¥–æ –≤—Å—Ç—Ä–µ—á–∏)', '–°–ø–∞—Å–∏–±–æ –±–æ–ª—å—à–æ–µ ü§ó\n–î–æ –≤—Å—Ç—Ä–µ—á–∏!', '–î–∞ ‚ù§Ô∏è. –°–ø–∞—Å–∏–±–æ –±–æ–ª—å—à–æ–µ, –¥–æ –≤—Å—Ç—Ä–µ—á–∏ ‚ò∫Ô∏è']"
7,328,7_–æ–±—É—á–µ–Ω–∏–µ_–æ–±—É—á–µ–Ω–∏—è_–æ–±—É—á–∞—é—Ç—Å—è_–æ–±—É—á–∏—Ç—å—Å—è,"['–æ–±—É—á–µ–Ω–∏–µ', '–æ–±—É—á–µ–Ω–∏—è', '–æ–±—É—á–∞—é—Ç—Å—è', '–æ–±—É—á–∏—Ç—å—Å—è', '–æ–±—É—á', '–æ–±—É—á–µ–Ω–∏—é', '–∏–Ω–¥–∏–≤–∏–¥—É–∞–ª—å–Ω–æ–µ', '–ø—Ä–æ–π–¥—è', '–ø–æ—Ç—Ä–µ–±—É–µ—Ç—Å—è', '—à–∫–æ–ª–∞']","['–î–æ–±—Ä—ã–π –¥–µ–Ω—å. –ü–æ–¥—Å–∫–∞–∂–∏—Ç–µ –ø–æ–∂–∞–ª—É–π—Å—Ç–∞ —Å–∫–æ–ª—å–∫–æ —Å—Ç–æ–∏—Ç –æ–±—É—á–µ–Ω–∏–µ –º–∞—Å—Å–∞–∂—É —É –≤–∞—Å?', '–ó–¥—Ä–∞–≤—Å—Ç–≤—É–π—Ç–µ, —Å–∫–∞–∂–∏—Ç–µ –ø–æ–∂–∞–ª—É–π—Å—Ç–∞, —Å–∫–æ–ª—å–∫–æ —Å—Ç–æ–∏—Ç –æ–±—É—á–µ–Ω–∏–µ —É –≤–∞—Å?', '–ó–¥—Ä–∞–≤—Å—Ç–≤—É–π—Ç–µ üòå –ø–æ–¥—Å–∫–∞–∂–∏—Ç–µ –ø–æ–∂–∞–ª—É–π—Å—Ç–∞, –∞ —Å–∫–æ–ª—å–∫–æ —Å—Ç–æ–∏—Ç —É –≤–∞—Å –æ–±—É—á–µ–Ω–∏–µ –º–∞—Å—Å–∞–∂—É –∏ –∫–∞—Ä–∞–º–µ–ª—å–Ω–æ–π –ª–∏–ø–æ—Å–∞–∫—Ü–∏–∏?']"
8,225,8_—Ä–∞–±–æ—Ç–∞—é_—Ä–∞–±–æ—Ç–µ_–∑–∞—Ä–ø–ª–∞—Ç–∞_—Ä–∞–±–æ—Ç—É,"['—Ä–∞–±–æ—Ç–∞—é', '—Ä–∞–±–æ—Ç–µ', '–∑–∞—Ä–ø–ª–∞—Ç–∞', '—Ä–∞–±–æ—Ç—É', '—Ä–∞–±–æ—á–∏–µ', '–≤–∞–∫–∞–Ω—Å–∏—è', '–ø–æ—Ä–∞–±–æ—Ç–∞–µ–º', '—Ä–∞–±–æ—Ç—ã', '–±—É—Ö–≥–∞–ª—Ç–µ—Ä–∏–∏', '–∑–∞–Ω—è—Ç–æ—Å—Ç—å']","['–Ø —Ä–∞–±–æ—Ç–∞—é –ø–æ –±—É–¥–Ω—è–º —Å 16:00, –Ω–æ –Ω–µ –≤—Å–µ–≥–¥–∞, –ø–æ—ç—Ç–æ–º—É –≤ –¥–Ω–∏ —Ä–∞–±–æ—Ç—ã –¥–æ 15:00 —Ç–æ–ª—å–∫–æ –º–æ–≥—É, –∞ –≤ –æ—Å—Ç–∞–ª—å–Ω—ã–µ –¥–Ω–∏ –º–æ–∂–Ω–æ –∏ –≤–µ—á–µ—Ä–æ–º. –ê –≤—ã –¥–æ —Å–∫–æ–ª—å–∫–∏ —Ä–∞–±–æ—Ç–∞–µ—Ç–µ?', '–ù–µ—Ç —è —Ä–∞–±–æ—Ç–∞—é –Ω–µ–¥–µ–ª—é –¥–æ 19:00 –Ω–µ–¥–µ–ª—é –¥–æ 17:00 –∫–∞–∫ —Ä–∞–∑ —Å–ª–µ–¥—É—é—â—É—é —è —Ä–∞–±–æ—Ç–∞—é –¥–æ 17:00 –º–Ω–µ –∂–µ –µ—â–µ –¥–æ–µ—Ö–∞—Ç—å –Ω–∞–¥–æ —ç—Ç–æ –º–∏–Ω—É—Ç 15 –ø—Ä–∏–º–µ—Ä–Ω–æ', '–û–±—É—Ö–æ–≤–∞ –ê–Ω–∞—Å—Ç–∞—Å–∏—è –í–∞–ª–µ—Ä—å–µ–≤–Ω–∞ \n89899761788\n–ê–≤—Ç–æ –Ω–µ—Ç \n–û–ø—ã—Ç —Ä–∞–±–æ—Ç—ã 2 –≥–æ–¥–∞ –∑–∞–Ω–∏–º–∞–ª–∞—Å—å –º–∞–Ω–∏–∫—é—Ä–æ–º ( —Ä–∞–±–æ—Ç–∞–ª–∞ —Å–∞–º–∞ –Ω–∞ —Å–µ–±—è) \n–ü–µ—Ä–µ—Å—Ç–∞–ª–∞ —Ä–∞–±–æ—Ç–∞—Ç—å –ø–æ—Ç–æ–º—É —á—Ç–æ –ø–æ–Ω—è–ª–∞ —á—Ç–æ —ç—Ç–æ –Ω–µ –º–æ–µ \n–°–µ–π—á–∞—Å –∏—Å—Ç–æ—á–Ω–∏–∫ –¥–æ—Ö–æ–¥–∞ –Ω–µ –∏–º–µ–µ—Ç—Å—è \n–ñ–µ–ª–∞–µ–º–∞—è –∑–∞—Ä–ø–ª–∞—Ç–∞ 18-20 —Ç—ã—Å.\n–°–µ–º–µ–π–Ω–æ–µ –ø–æ–ª–æ–∂–µ–Ω–∏–µ-–æ–¥–∏–Ω–æ–∫–∞ \n–£–≤–ª–µ—á–µ–Ω–∏–π –Ω–µ—Ç –Ω–∞ –¥–∞–Ω–Ω—ã–π –º–æ–º–µ–Ω—Ç, —É—á—É—Å—å –Ω–∞ –ø–µ–¥–∞–≥–æ–≥–∞ \n–û—á–µ–Ω—å –ø—É–Ω–∫—Ç—É–∞–ª—å–Ω–∞, –¥–æ–±—Ä–∞—è, –∏—Å–ø–æ–ª–Ω–∏—Ç–µ–ª—å–Ω–∞—è, –æ—Ç–≤–µ—Ç—Å—Ç–≤–µ–Ω–Ω–∞—è –æ—Ç–∑—ã–≤—á–∏–≤–∞—è, –∞–π—Ñ–æ–Ω –∏–º–µ–µ—Ç—Å—è)']"
9,182,9_—Å–≤–æ–±–æ–¥–Ω—ã–µ_—Å–≤–æ–±–æ–¥–Ω—ã—Ö_–µ—Å—Ç—å_–Ω–µ—Ç,"['—Å–≤–æ–±–æ–¥–Ω—ã–µ', '—Å–≤–æ–±–æ–¥–Ω—ã—Ö', '–µ—Å—Ç—å', '–Ω–µ—Ç', '–æ–∫–æ—à–∫–æ', '–ø–æ–¥—Å–∫–∞–∂–∏—Ç–µ', '–æ–∫–æ—à–∫–∏', '–Ω–µ–≥–¥–µ', '–≤–æ', '–¥–Ω—è']","['–ó–¥—Ä–∞–≤—Å—Ç–≤—É–π—Ç–µ. –£ –≤–∞—Å –µ—Å—Ç—å –æ–∫–æ—à–∫–∏ —Å–≤–æ–±–æ–¥–Ω—ã–µ —Å–µ–≥–æ–¥–Ω—è –∏–ª–∏ –∑–∞–≤—Ç—Ä–∞ –Ω–∞ –ª–∏–ø–æ—Å–∞–∫—Ü–∏—é?', '–ó–¥—Ä–∞–≤—Å—Ç–≤—É–π—Ç–µ, –ø–æ–¥—Å–∫–∞–∂–∏—Ç–µ, –µ—Å—Ç—å –ª–∏ —É –≤–∞—Å —Å–≤–æ–±–æ–¥–Ω—ã–µ –æ–∫–æ—à–∫–∏ –Ω–∞ —Å–µ–≥–æ–¥–Ω—è, –∑–∞–≤—Ç—Ä–∞.', '–ó–¥—Ä–∞–≤—Å—Ç–≤—É–π—Ç–µ!\n–ö–æ–≥–¥–∞ –µ—Å—Ç—å —Å–≤–æ–±–æ–¥–Ω—ã–µ –æ–∫–æ—à–∫–∏, –ø–æ–¥—Å–∫–∞–∂–∏—Ç–µ, –ø–æ–∂–∞–ª—É–π—Å—Ç–∞ ‚ò∫Ô∏è']"
10,179,10_–ø–æ—Å—Ç–∞–≤–∏–ª_–Ω—Ä–∞–≤–∏—Ç—Å—è__,"['–ø–æ—Å—Ç–∞–≤–∏–ª', '–Ω—Ä–∞–≤–∏—Ç—Å—è', '', '', '', '', '', '', '', '']","['–ü–æ—Å—Ç–∞–≤–∏–ª(-–∞) ""–ù—Ä–∞–≤–∏—Ç—Å—è"" –≤–∞—à–µ–º—É —Å–æ–æ–±—â–µ–Ω–∏—é', '–ü–æ—Å—Ç–∞–≤–∏–ª(-–∞) ""–ù—Ä–∞–≤–∏—Ç—Å—è"" –≤–∞—à–µ–º—É —Å–æ–æ–±—â–µ–Ω–∏—é', '–ü–æ—Å—Ç–∞–≤–∏–ª(-–∞) ""–ù—Ä–∞–≤–∏—Ç—Å—è"" –≤–∞—à–µ–º—É —Å–æ–æ–±—â–µ–Ω–∏—é']"
11,164,11_–ø–∏—Ç–µ—Ä–µ_—Ü–µ–Ω—Ç—Ä_—é–≥_–∏—é–ª–µ,"['–ø–∏—Ç–µ—Ä–µ', '—Ü–µ–Ω—Ç—Ä', '—é–≥', '–∏—é–ª–µ', '—Ç–µ—Ä—Ä–∏—Ç–æ—Ä–∏–∞–ª—å–Ω–æ', '–ø—è—Ç–∏–≥–æ—Ä—Å–∫–µ', '—Ä–∞–π–æ–Ω', '—Ñ–µ–≤—Ä–∞–ª–µ', '–ø–∞–ø—É', '–º–µ—Å—Ç–æ']","['–ó–¥—Ä–∞–≤—Å—Ç–≤—É–π—Ç–µ, –≤—ã –≤ –°—Ç–∞–≤—Ä–æ–ø–æ–ª–µ –ø—Ä–∏–Ω–∏–º–∞–µ—Ç–µ?', '–ó–¥—Ä–∞–≤—Å—Ç–≤—É–π—Ç–µ \n–ê –í—ã –≤ –°—Ç–∞–≤—Ä–æ–ø–æ–ª–µ –ø—Ä–∏–Ω–∏–º–∞–µ—Ç–µ?', '–ò –≥–¥–µ –≤—ã –≤ –°—Ç–∞–≤—Ä–æ–ø–æ–ª–µ –ø—Ä–∏–Ω–∏–º–∞–µ—Ç–µ?']"
12,152,12_–æ–∫—Å–∞–Ω–µ_—Å–∏—Ç–∏_–Ω–∞–ø—Ä–æ—Ç–∏–≤_—Å–∞–∫—Å–∞—É–ª—å–Ω–∞—è,"['–æ–∫—Å–∞–Ω–µ', '—Å–∏—Ç–∏', '–Ω–∞–ø—Ä–æ—Ç–∏–≤', '—Å–∞–∫—Å–∞—É–ª—å–Ω–∞—è', '—É–ª', '–ø–∞—Ä–∫–µ', '–≤–æ–∫–∑–∞–ª—å–Ω–∞—è', '—Ç–∞—à–ª—ã', '—Ü–µ–Ω—Ç—Ä–µ', '–ø—É—à–∫–∏–Ω–∞']","['–ù–∞ –ü—É—à–∫–∏–Ω–∞?', '–ê –Ω–∞ –ü—É—à–∫–∏–Ω–∞?', '–ù–∞ –ü—É—à–∫–∏–Ω–∞?']"
13,132,13_–≤—ã—Ö–æ–¥–Ω—ã–µ_–≤—ã—Ö–æ–¥–Ω—ã—Ö_–æ—Ç–¥—ã—Ö_–±—É–¥–Ω–∏–µ,"['–≤—ã—Ö–æ–¥–Ω—ã–µ', '–≤—ã—Ö–æ–¥–Ω—ã—Ö', '–æ—Ç–¥—ã—Ö', '–±—É–¥–Ω–∏–µ', '—Å–≤–æ–±–æ–¥–Ω–æ–µ', '–¥–Ω—è', '–±—É–¥–Ω–∏', '–ø–æ—Å–∏–¥–∏', '–Ω–µ—Ä–∞–±–æ—á–∏–π', '–≤–æ—Å–∫—Ä–µ—Å–µ–Ω—å–µ']","['–ù–µ—Ç, –∫ —Å–æ–∂–∞–ª–µ–Ω–∏—é, –≤ –≤—ã—Ö–æ–¥–Ω—ã–µ –¥–Ω–∏ —è –Ω–µ –º–æ–≥—É. –¢–æ–ª—å–∫–æ –±—É–¥–Ω–∏', '–ó–¥—Ä–∞–≤—Å—Ç–≤—É–π—Ç–µ, –ø–æ–¥—Å–∫–∞–∂–∏—Ç–µ –ø–æ–∂–∞–ª—É–π—Å—Ç–∞, –∞ –Ω–∞ –≤—ã—Ö–æ–¥–Ω—ã–µ –≤ –∫–∞–∫–æ–µ –≤—Ä–µ–º—è –µ—Å—Ç—å –æ–∫–æ—à–∫–∏?', '–î–æ–±—Ä—ã–π –¥–µ–Ω—å, –Ω–∞ —ç—Ç–∏—Ö –≤—ã—Ö–æ–¥–Ω—ã—Ö –µ—Å—Ç—å –º–µ—Å—Ç–µ—á–∫–æ —Å–≤–æ–±–æ–¥–Ω–æ–µ? –ò–ª–∏ –Ω–∞ —é–≥–µ –∏–ª–∏ –≤ —Ü–µ–Ω—Ç—Ä–µ']"
14,131,14_–∑–∞–ø–∏—à—É_–∑–∞–ø–∏—à—É—Å—å_–∑–∞–ø–∏—à–∏—Ç–µ_–∑–∞–ø–∏—à–∏,"['–∑–∞–ø–∏—à—É', '–∑–∞–ø–∏—à—É—Å—å', '–∑–∞–ø–∏—à–∏—Ç–µ', '–∑–∞–ø–∏—à–∏', '–∑–∞–±—É–¥—å', '–¥–∞–≤–∞–π—Ç–µ', '–∑–∞–ø–∏—à–µ—à—å', '–∑–∞–ø–∏—à–µ—Ç—Å—è', '–∑–∞–ø–∏–≤–∞—Ç—å', '–∑–∞–ø–∏—à–µ—Ç–µ']","['–ó–∞–ø–∏—à–∏—Ç–µ –º–µ–Ω—è, –ø–æ–∂–∞–ª—É–π—Å—Ç–∞)', '–ó–∞–ø–∏—à–∏—Ç–µ –º–µ–Ω—è –ø–æ–∂–∞–ª—É–π—Å—Ç–∞', '–ó–∞–ø–∏—à–∏—Ç–µ –º–µ–Ω—è –ø–æ–∂–∞–ª—É–π—Å—Ç–∞!ü§ó']"
15,103,15_–ø—Ä–∏–Ω–∏–º–∞–µ—Ç–µ_–ø—Ä–∏–Ω–∏–º–∞–µ—Ç_–ø—Ä–∏–Ω–∏–º–∞–µ—à—å_–ø—Ä–∏–Ω–∏–º–∞–µ–º–∞–µ—Ç–µ,"['–ø—Ä–∏–Ω–∏–º–∞–µ—Ç–µ', '–ø—Ä–∏–Ω–∏–º–∞–µ—Ç', '–ø—Ä–∏–Ω–∏–º–∞–µ—à—å', '–ø—Ä–∏–Ω–∏–º–∞–µ–º–∞–µ—Ç–µ', '–±–µ—Ä—ë—à—å', '–ø—Ä–∏–Ω–∏–º–∞—é—Ç', '–±–µ—Ä–µ—Ç', '—Å–æ—Å—Ç–∞–≤–∏—à—å', '–∫–∏–Ω–µ—à—å', '–≤—ã–∫–ª–∞–¥—ã–≤–∞–µ—Ç']","['–ó–¥—Ä–∞–≤—Å—Ç–≤—É–π—Ç–µ –≥–¥–µ –≤—ã –ø—Ä–∏–Ω–∏–º–∞–µ—Ç–µ', '–ó–¥—Ä–∞–≤—Å—Ç–≤—É–π—Ç–µ. –ì–¥–µ –≤—ã –ø—Ä–∏–Ω–∏–º–∞–µ—Ç–µ', '–ó–¥—Ä–∞–≤—Å—Ç–≤—É–π—Ç–µ. –ê –≥–¥–µ –≤—ã –ø—Ä–∏–Ω–∏–º–∞–µ—Ç–µ?']"
16,103,16_–Ω–æ—Ä–º–∞–ª—å–Ω–æ_—á—É—Ç—å_–≤—Å–µ_—Ö–æ—Ä–æ—à–æ,"['–Ω–æ—Ä–º–∞–ª—å–Ω–æ', '—á—É—Ç—å', '–≤—Å–µ', '—Ö–æ—Ä–æ—à–æ', '—Ä–∞–∑–æ–≤–æ', '–∑–¥—Ä–∞—Å—å—Ç–µ', '–æ–Ω–∞', '–ø–æ–∫–∞', '—Å–µ–π—á–∞—Å', '–ø–æ']","['–•–æ—Ä–æ—à–æ', '–•–æ—Ä–æ—à–æ', '–•–æ—Ä–æ—à–æ']"
17,94,17_—Å–∫–∏–Ω—É_–ø–æ–¥—Å—Ç—Ä–æ—é—Å—å_–ø–µ—Ä–µ—à–ª—é_—Å–∫–∏–Ω—å,"['—Å–∫–∏–Ω—É', '–ø–æ–¥—Å—Ç—Ä–æ—é—Å—å', '–ø–µ—Ä–µ—à–ª—é', '—Å–∫–∏–Ω—å', '–ø–æ–¥–Ω–∏–º–∞—é—Å—å', '–≤—ã—à–ª—é', '—Å–∫–∏–Ω—É—Ç—å', '—Å–∫–∏–Ω—å—Ç–µ', '–∫–∏–Ω—å—Ç–µ', '—Å–∫–∏–Ω—É–ª–∏']","['–ü—Ä–∏–≤–µ—Ç. –î–∞ –¥–∞–≤–∞–π. –°–∫–∏–Ω—å –º–Ω–µ –≥–æ—Ç–æ–≤—ã–π –º–∞—Ç–µ—Ä–∏–∞–ª —è —Å–∫–∏–Ω—É —Å—Ä–∞–∑—É –≤ —Å—Ç–æ—Ä–∏—Å –∏ —Ç–µ–±—è –æ—Ç–º–µ—á—É', '–û–∫, –ø–æ–∑–∂–µ —Å–∫–∏–Ω—É! –î–æ–±—Ä—ã–π –≤–µ—á–µ—Ä. –ü–µ—Ä–µ–≤–µ–ª–∞ 500 —Ä —Å –∫–∞—Ä—Ç—ã –ü—ë—Ç—Ä –ù–∏–∫–æ–ª–∞–µ–≤–∏—á –ì', '–ê—Ö–∞—Ö, –Ω—É –≤–æ—Ç –∏ —è –ø—Ä–æ —ç—Ç–æ üòÇ\n–ù—É –µ—Å–ª–∏ –≤–¥—Ä—É–≥ –∫–∞–∫–æ–≥–æ —Ç–æ —Ö–æ—Ä–æ—à–µ–≥–æ –≤ —à–ø–∞–∫–æ–≤–∫–µ –Ω–∞–π–¥—ë—à—å-—Å–∫–∏–Ω—å –º–Ω–µ, —è —Ç–æ–∂–µ –ø—Ä–æ—Ä–µ–∫–ª–∞–º–∏—Ä—É—é—Å—å\n–ò —è —Å–∫–∏–Ω—É –µ—Å–ª–∏ —á—Ç–æ \n\n–ú–∞—à–∫–∞ –ì—Ä–∏–≥–æ—Ä—å–µ–≤–∞ –Ω–µ –∑–∞—à–ª–∞?']"
18,94,18_–¥–∞–≤–∞–π—Ç–µ_–ø–æ–ø—Ä–æ–±—É–µ–º_–ø—Ä–∏–Ω—è—Ç—å_—Ç–æ–≥–¥–∞,"['–¥–∞–≤–∞–π—Ç–µ', '–ø–æ–ø—Ä–æ–±—É–µ–º', '–ø—Ä–∏–Ω—è—Ç—å', '—Ç–æ–≥–¥–∞', '–Ω–∞–ø–æ–º–Ω–∏—Ç–µ', '–±—ã', '—Å–µ–≥–æ–¥–Ω—è', '–∑–∞–ø–∏—à–∏—Ç–µ', '—Ç–æ–ª—å–∫–æ', '–Ω–µ']","['–î–∞–≤–∞–π—Ç–µ', '–î–∞–≤–∞–π—Ç–µ. üòä', '–ñ–∞–ª—å, –¥–∞ –¥–∞–≤–∞–π—Ç–µ']"
19,94,19_–ø—Ä–µ–¥–æ–ø–ª–∞—Ç–∞_–ø—Ä–µ–¥–æ–ø–ª–∞—Ç—É_–ø—Ä–µ–¥–æ–ø–ª–∞—Ç—ã_–ø—Ä–µ–¥–æ–ø–ª–∞—Ç–µ,"['–ø—Ä–µ–¥–æ–ø–ª–∞—Ç–∞', '–ø—Ä–µ–¥–æ–ø–ª–∞—Ç—É', '–ø—Ä–µ–¥–æ–ø–ª–∞—Ç—ã', '–ø—Ä–µ–¥–æ–ø–ª–∞—Ç–µ', '–Ω—É–∂–Ω–∞', '–æ–ø–ª–∞—á—É', '–¥–∞–Ω—å', '–ø–ª–∞—Ç–∏–º', '–æ–ø–ª–∞—Ç–∞', '–æ–ø–ª–∞—á–∏–≤–∞—Ç—å']","['–ü—Ä–µ–¥–æ–ø–ª–∞—Ç–∞ –Ω—É–∂–Ω–∞?)', '–ü—Ä–µ–¥–æ–ø–ª–∞—Ç–∞ –Ω—É–∂–Ω–∞?', '–•–æ—Ä–æ—à–æ)–∞ –ø—Ä–µ–¥–æ–ø–ª–∞—Ç–∞ –Ω–µ –Ω—É–∂–Ω–∞?']"
20,92,20_–∂–∏–≤–æ—Ç–∏–∫_–∂–∏–≤–æ—Ç_–∂–∏–≤–æ—Ç–∞_–Ω–æ–≥–∏,"['–∂–∏–≤–æ—Ç–∏–∫', '–∂–∏–≤–æ—Ç', '–∂–∏–≤–æ—Ç–∞', '–Ω–æ–≥–∏', '–±–æ–∫–∞', '–±–µ–¥—Ä–∞', '–ø–∞—Ä–∫–µ', '–∑–æ–Ω–∞', '–∫—É—Å—Ç–∞—Ö', '—É—á–∞—Å—Ç–∫–∏']","['–ñ–∏–≤–æ—Ç, –±–æ–∫–∞', '–ñ–∏–≤–æ—Ç +–±–æ–∫–∞?', '–ñ–∏–≤–æ—Ç, –±–æ–∫–∞, —è–≥–æ–¥–∏—Ü—ã, –±–µ–¥—Ä–∞']"
21,86,21_—Å–µ–∞–Ω—Å–µ_—Å–µ–∞–Ω—Å–æ–≤_—Å–µ–∞–Ω—Å_—Å–µ–∞–Ω—Å—ã,"['—Å–µ–∞–Ω—Å–µ', '—Å–µ–∞–Ω—Å–æ–≤', '—Å–µ–∞–Ω—Å', '—Å–µ–∞–Ω—Å—ã', '–¥–ª–∏—Ç–µ–ª—å–Ω–æ—Å—Ç—å', '—Å–µ–∞–Ω—Å–∞', '—Å–µ–∞–Ω—Å–∞–º–∏', '–¥–ª–∏—Ç—Å—è', '–¥–ª–∏—Ç—å—Å—è', '–ø–µ—Ä–∏–æ–¥–∏—á–Ω–æ—Å—Ç—å—é']","['–ó–¥—Ä–∞–≤—Å—Ç–≤—É–π—Ç–µ, –ø–æ–¥—Å–∫–∞–∂–∏—Ç–µ, —Å–∫–æ–ª—å–∫–æ –ø–æ –≤—Ä–µ–º–µ–Ω–∏ –¥–ª–∏—Ç—Å—è 1 —Å–µ–∞–Ω—Å,', '–°–∫–æ–ª—å–∫–æ –¥–ª–∏—Ç—Å—è –æ–¥–∏–Ω —Å–µ–∞–Ω—Å?', '–ò —Å–∫–æ–ª—å–∫–æ –æ–¥–∏–Ω —Å–µ–∞–Ω—Å –¥–ª–∏—Ç—Å—è?']"
22,81,22_—Ä–∞–±–æ—Ç–∞–µ—Ç–µ_—Ä–∞–±–æ—Ç–∞–µ—Ç_—Ä–∞–±–æ—Ç–∞–µ—à—å_—Ä–∞–±–æ—Ç–µ,"['—Ä–∞–±–æ—Ç–∞–µ—Ç–µ', '—Ä–∞–±–æ—Ç–∞–µ—Ç', '—Ä–∞–±–æ—Ç–∞–µ—à—å', '—Ä–∞–±–æ—Ç–µ', '—Å—Ç—É–¥–∏–∏', '—Ä–∞–±–æ—Ç–∞–ª–∞', '–∑–∞—Ä–∞–±–æ—Ç–∞–µ—à—å', '–∑–¥—Ä–∞—Å—Ç–≤—É–π—Ç–µ', '—Ç—ã', '–∫–∞–∫–æ–º']","['–î–æ–±—Ä—ã–π –¥–µ–Ω—å )) –∞ –≤—ã –¥–æ —Å–∫–æ–ª—å–∫–∏ —Ä–∞–±–æ—Ç–∞–µ—Ç–µ?', '–ó–¥—Ä–∞–≤—Å—Ç–≤—É–π—Ç–µ, –ø–æ–¥—Å–∫–∞–∂–∏—Ç–µ –∞ –¥–æ —Å–∫–æ–ª—å–∫–∏ –≤—ã —Ä–∞–±–æ—Ç–∞–µ—Ç–µ?', '–ê –¥–æ —Å–∫–æ–ª—å–∫–∏ –≤—ã —Ä–∞–±–æ—Ç–∞–µ—Ç–µ?']"
23,74,23_–æ–∫_–∂–∏–≤–æ—Ç_–º–æ–∂–Ω–æ_,"['–æ–∫', '–∂–∏–≤–æ—Ç', '–º–æ–∂–Ω–æ', '', '', '', '', '', '', '']","['–û–∫', '–û–∫', '–û–∫']"
24,71,24_–¥–∞–∞–∞–∞–∞–∞_–¥–∞–∞–∞–∞–∞_–¥–∞–∞–∞–∞_–¥–∞–∞–∞–∞–∞–∞–∞–∞–∞–∞,"['–¥–∞–∞–∞–∞–∞–∞', '–¥–∞–∞–∞–∞–∞', '–¥–∞–∞–∞–∞', '–¥–∞–∞–∞–∞–∞–∞–∞–∞–∞–∞', '–¥–∞–∞–∞', '–≤–∞–∞–∞–∞–∞–∞', '–∞–∞–∞–∞', '–∞–∞–∞', '–¥–∞', '–µ–±–∞–∞–∞–∞–∞']","['–î–∞–∞–∞!', '–î–∞–∞–∞)', '–î–∞–∞–∞']"
25,69,25_–æ—Ç–ª–∏—á–∏–π_—Ä–∞–∑–Ω–∏—Ü–∞_—Ñ–∞–∫—Ç–æ—Ä–æ–≤_–∫–∞–∫–∏—Ö,"['–æ—Ç–ª–∏—á–∏–π', '—Ä–∞–∑–Ω–∏—Ü–∞', '—Ñ–∞–∫—Ç–æ—Ä–æ–≤', '–∫–∞–∫–∏—Ö', '–∫–∞—Ä–∞–º–µ–ª—å–Ω–æ–π', '—ç—Ñ—Ñ–µ–∫—Ç–∞', '–æ—Ç', '—á–µ–º', '–∑–∞–≤–∏—Å–∏—Ç', '–∞–Ω—Ç–∏—Ü–µ–ª–ª—é–ª–∏—Ç–Ω—ã–º']","['–†–∞–∑–Ω–∏—Ü–∞ –º–µ–∂–¥—É –∞–Ω—Ç–∏—Ü–µ–ª–ª—é–ª–∏—Ç–Ω—ã–º –º–∞—Å—Å–∞–∂–µ–º –∏ –∫–∞—Ä–∞–º–µ–ª—å–Ω–æ–π –ª–∏–ø–æ—Å–∞–∫—Ü–∏–µ–π.', '–†–∞–∑–Ω–∏—Ü–∞ –º–µ–∂–¥—É –∞–Ω—Ç–∏—Ü–µ–ª–ª—é–ª–∏—Ç–Ω—ã–º –º–∞—Å—Å–∞–∂–µ–º –∏ –∫–∞—Ä–∞–º–µ–ª—å–Ω–æ–π –ª–∏–ø–æ—Å–∞–∫—Ü–∏–µ–π.', '–†–∞–∑–Ω–∏—Ü–∞ –º–µ–∂–¥—É –∞–Ω—Ç–∏—Ü–µ–ª–ª—é–ª–∏—Ç–Ω—ã–º –º–∞—Å—Å–∞–∂–µ–º –∏ –∫–∞—Ä–∞–º–µ–ª—å–Ω–æ–π –ª–∏–ø–æ—Å–∞–∫—Ü–∏–µ–π.']"
26,60,26_—Ä–æ–∂–¥–µ–Ω–∏—è_—Ä–æ–∂–¥–µ–Ω–∏–µ_—Ä–æ–∂–¥–µ–Ω–∏—è—è—è—è—è_–ª—é–±–≤–∏,"['—Ä–æ–∂–¥–µ–Ω–∏—è', '—Ä–æ–∂–¥–µ–Ω–∏–µ', '—Ä–æ–∂–¥–µ–Ω–∏—è—è—è—è—è', '–ª—é–±–≤–∏', '—Å–≤–µ—Ç–ª–æ–≥–æ', '–ø–æ–∑–¥—Ä–∞–≤–ª—è—é', '–ø—Ç–∏—á–∫–∞', '–º–∞–º—ã', '–≤–∏—Ç—é—à–∞', '–≤–∏–∫—Ç–æ—Ä–∏—è']","['–° –¥–Ω—ë–º —Ä–æ–∂–¥–µ–Ω–∏—è –∫—Ä–∞—Å–æ—Ç–∫–∞ üòç üéÅüéâüíóüåà‚ù§Ô∏èüéÅ', '–° –¥–Ω—ë–º —Ä–æ–∂–¥–µ–Ω–∏—è, –∫—Ä–∞—Å–æ—Ç–∫–∞ ‚ô•Ô∏è‚ô•Ô∏è‚ô•Ô∏èü•∞ü•∞ü•∞', '–ö—Ä–∞—Å–æ—Ç–∫–∞, —Å –¥–Ω–µ–º —Ä–æ–∂–¥–µ–Ω–∏—è ‚ù§Ô∏è\u200düî•–ë—É–¥—å –≤—Å–µ–≥–¥–∞ —Ç–∞–∫–æ–π –∫—Ä—É—Ç–æ–π –∫—É–∫–æ–ª–∫–æ–π, –∑–¥–æ—Ä–æ–≤—å—è, –ø—Ä–æ—Ü–≤–µ—Ç–∞–Ω–∏—è, —É—Å–ø–µ—Ö–æ–≤ –∏ –≤—Å–µ–≥–æ —Å–∞–º–æ–≥–æ –¥–æ–±—Ä–æ–≥–æ —Å–≤–µ—Ç–ª–æ–≥–æ –∏ —Ç–µ–ø–ª–æ–≥–æ üòò']"
27,58,27_–ª–µ—Ç_–≤–æ–∑—Ä–∞—Å—Ç_—Å–∞–º–æ—á—É–≤—Å—Ç–≤–∏–µ_—Å–µ–±—è,"['–ª–µ—Ç', '–≤–æ–∑—Ä–∞—Å—Ç', '—Å–∞–º–æ—á—É–≤—Å—Ç–≤–∏–µ', '—Å–µ–±—è', '–≥–æ–¥–∞', '—á—É–≤—Å—Ç–≤—É–µ—à—å', '—Å–∫–æ–ª—å–∫–æ', '–ª–µ—Ç–∏—à—å', '30', '50']","['–ù–∞ 50 –ª–µ—Ç', '–ù–∞ 50 –ª–µ—Ç', '–ù–∞ 50 –ª–µ—Ç']"
28,57,28_—Å—Ç–æ–∏—Ç_—Å—Ç–æ—è—Ç_—Å—Ç–æ–∏–º–æ—Å—Ç—å_–æ–∫–æ–ª–æ,"['—Å—Ç–æ–∏—Ç', '—Å—Ç–æ—è—Ç', '—Å—Ç–æ–∏–º–æ—Å—Ç—å', '–æ–∫–æ–ª–æ', '–ø—Ä–∏–º–µ—Ä–Ω–æ', '–≤–æ–æ–±—â–µ', '–º–µ–¥–æ–≤—ã–π', '–º–µ–¥–∏—Ü–∏–Ω—Å–∫–æ–π', '—Ç–µ–ª–∞', '–≤—Å–µ–≥–æ']","['–°–∫–æ–ª—å–∫–æ —Å—Ç–æ–∏—Ç', '–°–∫–æ–ª—å–∫–æ —Å—Ç–æ–∏—Ç?', '–°–∫–æ–ª—å–∫–æ —Å—Ç–æ–∏—Ç?']"
29,56,29_—Ç–µ–ª–æ_–≤—Å–µ_–ª–∏—Ü–æ_—Ü–µ–Ω—Ç—Ä,"['—Ç–µ–ª–æ', '–≤—Å–µ', '–ª–∏—Ü–æ', '—Ü–µ–Ω—Ç—Ä', '–∫–∞–∫', '–æ—Ç–ª–∏—á–Ω–æ', '–ø–æ–Ω—è–ª–∞', '–∫–æ–Ω—Ç–∞–∫—Ç—ã', '–≥—É–±—ã', '']","['–í—Å–µ —Ç–µ–ª–æ', '–í—Å–µ —Ç–µ–ª–æ', '–í—Å–µ —Ç–µ–ª–æ']"
30,51,30_–æ—Ç–ª–∏—á–Ω–æ_–¥–∞–∂–µ_–º–æ–ª–æ–¥–µ—Ü_–∫–æ–Ω–µ—á–Ω–æ,"['–æ—Ç–ª–∏—á–Ω–æ', '–¥–∞–∂–µ', '–º–æ–ª–æ–¥–µ—Ü', '–∫–æ–Ω–µ—á–Ω–æ', '–¥–∞', '—à–∏–∫–∞—Ä–Ω–æ', '', '', '', '']","['–û—Ç–ª–∏—á–Ω–æ', '–û—Ç–ª–∏—á–Ω–æ', '–û—Ç–ª–∏—á–Ω–æ']"
